create database Frauddetection;
use frauddetection;
CREATE TABLE Users (
    user_id INT PRIMARY KEY AUTO_INCREMENT,
    name VARCHAR(255) NOT NULL,
    email VARCHAR(255) UNIQUE NOT NULL,
    phone_number VARCHAR(20),
    address VARCHAR(255),
    date_of_birth DATE,
    account_created TIMESTAMP DEFAULT CURRENT_TIMESTAMP
);

------------------------------------------------------
INSERT INTO Accounts (user_id, account_number, account_type, balance) VALUES
(1, 'ACC00001', 'savings', 5000.00),
(2, 'ACC00002', 'checking', 1500.00),
(3, 'ACC00003', 'savings', 7500.00),
(4, 'ACC00004', 'checking', 2000.00),
(5, 'ACC00005', 'savings', 6200.00),
(6, 'ACC00006', 'checking', 3400.00),
(7, 'ACC00007', 'savings', 8000.00),
(8, 'ACC00008', 'checking', 500.00),
(9, 'ACC00009', 'savings', 4500.00),
(10, 'ACC00010', 'checking', 2100.00),
(11, 'ACC00011', 'savings', 3000.00),
(12, 'ACC00012', 'checking', 1000.00),
(13, 'ACC00013', 'savings', 750.00),
(14, 'ACC00014', 'checking', 6000.00),
(15, 'ACC00015', 'savings', 9200.00),
(16, 'ACC00016', 'checking', 4300.00),
(17, 'ACC00017', 'savings', 1200.00),
(18, 'ACC00018', 'checking', 5700.00),
(19, 'ACC00019', 'savings', 6600.00),
(20, 'ACC00020', 'checking', 3300.00),
(21, 'ACC00021', 'savings', 2500.00),
(22, 'ACC00022', 'checking', 8800.00),
(23, 'ACC00023', 'savings', 1300.00),
(24, 'ACC00024', 'checking', 4700.00),
(25, 'ACC00025', 'savings', 7200.00),
(26, 'ACC00026', 'checking', 9200.00),
(27, 'ACC00027', 'savings', 1400.00),
(28, 'ACC00028', 'checking', 3300.00),
(29, 'ACC00029', 'savings', 1500.00),
(30, 'ACC00030', 'checking', 7300.00),
(31, 'ACC00031', 'savings', 4600.00),
(32, 'ACC00032', 'checking', 2800.00),
(33, 'ACC00033', 'savings', 3900.00),
(34, 'ACC00034', 'checking', 8200.00),
(35, 'ACC00035', 'savings', 2300.00),
(36, 'ACC00036', 'checking', 5100.00),
(37, 'ACC00037', 'savings', 1400.00),
(38, 'ACC00038', 'checking', 7700.00),
(39, 'ACC00039', 'savings', 5500.00),
(40, 'ACC00040', 'checking', 4100.00),
(41, 'ACC00041', 'savings', 3200.00),
(42, 'ACC00042', 'checking', 6800.00),
(43, 'ACC00043', 'savings', 2400.00),
(44, 'ACC00044', 'checking', 5900.00),
(45, 'ACC00045', 'savings', 3500.00),
(46, 'ACC00046', 'checking', 4900.00),
(47, 'ACC00047', 'savings', 7800.00),
(48, 'ACC00048', 'checking', 5200.00),
(49, 'ACC00049', 'savings', 3400.00),
(50, 'ACC00050', 'checking', 6100.00);


CREATE TABLE Accounts (
    account_id INT PRIMARY KEY AUTO_INCREMENT,
    user_id INT,
    account_number VARCHAR(20) UNIQUE NOT NULL,
    account_type VARCHAR(50) NOT NULL,
    balance DECIMAL(15, 2) NOT NULL,
    created_at TIMESTAMP DEFAULT CURRENT_TIMESTAMP,
    FOREIGN KEY (user_id) REFERENCES Users(user_id)
);

-------------------------------------------
INSERT INTO Accounts (user_id, account_number, account_type, balance) VALUES
(1, 'ACCT1001', 'Checking', 1000.00),
(2, 'ACCT1002', 'Savings', 2000.00),
(3, 'ACCT1003', 'Checking', 1500.00),
(4, 'ACCT1004', 'Savings', 2500.00),
(5, 'ACCT1005', 'Checking', 1800.00),
(6, 'ACCT1006', 'Savings', 2300.00),
(7, 'ACCT1007', 'Checking', 1100.00),
(8, 'ACCT1008', 'Savings', 2400.00),
(9, 'ACCT1009', 'Checking', 1700.00),
(10, 'ACCT1010', 'Savings', 2600.00),
(11, 'ACCT1011', 'Checking', 1200.00),
(12, 'ACCT1012', 'Savings', 2200.00),
(13, 'ACCT1013', 'Checking', 1900.00),
(14, 'ACCT1014', 'Savings', 2100.00),
(15, 'ACCT1015', 'Checking', 1600.00),
(16, 'ACCT1016', 'Savings', 2000.00),
(17, 'ACCT1017', 'Checking', 1400.00),
(18, 'ACCT1018', 'Savings', 2500.00),
(19, 'ACCT1019', 'Checking', 1500.00),
(20, 'ACCT1020', 'Savings', 2300.00),
(21, 'ACCT1021', 'Checking', 1300.00),
(22, 'ACCT1022', 'Savings', 2100.00),
(23, 'ACCT1023', 'Checking', 1800.00),
(24, 'ACCT1024', 'Savings', 2200.00),
(25, 'ACCT1025', 'Checking', 1700.00),
(26, 'ACCT1026', 'Savings', 2400.00),
(27, 'ACCT1027', 'Checking', 1600.00),
(28, 'ACCT1028', 'Savings', 2600.00),
(29, 'ACCT1029', 'Checking', 1400.00),
(30, 'ACCT1030', 'Savings', 2000.00),
(31, 'ACCT1031', 'Checking', 1300.00),
(32, 'ACCT1032', 'Savings', 2100.00),
(33, 'ACCT1033', 'Checking', 1900.00),
(34, 'ACCT1034', 'Savings', 2200.00),
(35, 'ACCT1035', 'Checking', 1700.00),
(36, 'ACCT1036', 'Savings', 2300.00),
(37, 'ACCT1037', 'Checking', 1600.00),
(38, 'ACCT1038', 'Savings', 2400.00),
(39, 'ACCT1039', 'Checking', 1800.00),
(40, 'ACCT1040', 'Savings', 2500.00),
(41, 'ACCT1041', 'Checking', 1500.00),
(42, 'ACCT1042', 'Savings', 2600.00),
(43, 'ACCT1043', 'Checking', 1400.00),
(44, 'ACCT1044', 'Savings', 2000.00),
(45, 'ACCT1045', 'Checking', 1300.00),
(46, 'ACCT1046', 'Savings', 2100.00),
(47, 'ACCT1047', 'Checking', 1600.00),
(48, 'ACCT1048', 'Savings', 2200.00),
(49, 'ACCT1049', 'Checking', 1700.00),
(50, 'ACCT1050', 'Savings', 2300.00);


CREATE TABLE Transactions (
    transaction_id INT PRIMARY KEY AUTO_INCREMENT,
    user_id INT,
    amount DECIMAL(15, 2) NOT NULL,
    transaction_date TIMESTAMP DEFAULT CURRENT_TIMESTAMP,
    transaction_type VARCHAR(50) NOT NULL,
    merchant VARCHAR(255),
    status VARCHAR(50),
    FOREIGN KEY (user_id) REFERENCES Users(user_id)
);

--------------------------------------------------

INSERT INTO Transactions (user_id, amount, transaction_date, transaction_type, merchant, status) VALUES
(1, 100.00, '2024-01-01 10:00:00', 'Purchase', 'Merchant1', 'Completed'),
(2, 200.00, '2024-01-02 11:00:00', 'Purchase', 'Merchant2', 'Completed'),
(3, 150.00, '2024-01-03 12:00:00', 'Withdrawal', 'ATM1', 'Completed'),
(4, 250.00, '2024-01-04 13:00:00', 'Purchase', 'Merchant3', 'Completed'),
(5, 180.00, '2024-01-05 14:00:00', 'Deposit', 'Bank1', 'Completed'),
(6, 230.00, '2024-01-06 15:00:00', 'Purchase', 'Merchant4', 'Completed'),
(7, 110.00, '2024-01-07 16:00:00', 'Withdrawal', 'ATM2', 'Completed'),
(8, 240.00, '2024-01-08 17:00:00', 'Deposit', 'Bank2', 'Completed'),
(9, 170.00, '2024-01-09 18:00:00', 'Purchase', 'Merchant5', 'Completed'),
(10, 260.00, '2024-01-10 19:00:00', 'Purchase', 'Merchant6', 'Completed'),
(11, 120.00, '2024-01-11 20:00:00', 'Withdrawal', 'ATM3', 'Completed'),
(12, 220.00, '2024-01-12 21:00:00', 'Deposit', 'Bank3', 'Completed'),
(13, 190.00, '2024-01-13 22:00:00', 'Purchase', 'Merchant7', 'Completed'),
(14, 210.00, '2024-01-14 23:00:00', 'Deposit', 'Bank4', 'Completed'),
(15, 160.00, '2024-01-15 09:00:00', 'Purchase', 'Merchant8', 'Completed'),
(16, 200.00, '2024-01-16 10:00:00', 'Withdrawal', 'ATM4', 'Completed'),
(17, 140.00, '2024-01-17 11:00:00', 'Deposit', 'Bank5', 'Completed'),
(18, 250.00, '2024-01-18 12:00:00', 'Purchase', 'Merchant9', 'Completed'),
(19, 150.00, '2024-01-19 13:00:00', 'Purchase', 'Merchant10', 'Completed'),
(20, 230.00, '2024-01-20 14:00:00', 'Withdrawal', 'ATM5', 'Completed'),
(21, 130.00, '2024-01-21 15:00:00', 'Deposit', 'Bank6', 'Completed'),
(22, 210.00, '2024-01-22 16:00:00', 'Purchase', 'Merchant11', 'Completed'),
(23, 180.00, '2024-01-23 17:00:00', 'Deposit', 'Bank7', 'Completed'),
(24, 220.00, '2024-01-24 18:00:00', 'Purchase', 'Merchant12', 'Completed'),
(25, 170.00, '2024-01-25 19:00:00', 'Purchase', 'Merchant13', 'Completed'),
(26, 240.00, '2024-01-26 20:00:00', 'Deposit', 'Bank8', 'Completed'),
(27, 160.00, '2024-01-27 21:00:00', 'Purchase', 'Merchant14', 'Completed'),
(28, 260.00, '2024-01-28 22:00:00', 'Purchase', 'Merchant15', 'Completed'),
(29, 140.00, '2024-01-29 23:00:00', 'Withdrawal', 'ATM6', 'Completed'),
(30, 200.00, '2024-01-30 09:00:00', 'Deposit', 'Bank9', 'Completed'),
(31, 130.00, '2024-01-31 10:00:00', 'Purchase', 'Merchant16', 'Completed'),
(32, 210.00, '2024-02-01 11:00:00', 'Withdrawal', 'ATM7', 'Completed'),
(33, 190.00, '2024-02-02 12:00:00', 'Deposit', 'Bank10', 'Completed'),
(34, 170.00, '2024-02-03 13:00:00', 'Purchase', 'Merchant17', 'Completed'),
(35, 200.00, '2024-02-04 14:00:00', 'Purchase', 'Merchant18', 'Completed'),
(36, 160.00, '2024-02-05 15:00:00', 'Withdrawal', 'ATM8', 'Completed'),
(37, 220.00, '2024-02-06 16:00:00', 'Deposit', 'Bank11', 'Completed'),
(38, 150.00, '2024-02-07 17:00:00', 'Purchase', 'Merchant19', 'Completed'),
(39, 240.00, '2024-02-08 18:00:00', 'Purchase', 'Merchant20', 'Completed'),
(40, 180.00, '2024-02-09 19:00:00', 'Deposit', 'Bank12', 'Completed'),
(41, 150.00, '2024-02-10 20:00:00', 'Purchase', 'Merchant21', 'Completed'),
(42, 260.00, '2024-02-11 21:00:00', 'Withdrawal', 'ATM9', 'Completed'),
(43, 140.00, '2024-02-12 22:00:00', 'Deposit', 'Bank13', 'Completed'),
(44, 200.00, '2024-02-13 23:00:00', 'Purchase', 'Merchant22', 'Completed'),
(45, 130.00, '2024-02-14 09:00:00', 'Purchase', 'Merchant23', 'Completed'),
(46, 160.00, '2024-02-15 10:00:00', 'Withdrawal', 'ATM10', 'Completed'),
(47, 250.00, '2024-02-16 11:00:00', 'Deposit', 'Bank14', 'Completed'),
(48, 180.00, '2024-02-17 12:00:00', 'Purchase', 'Merchant24', 'Completed'),
(49, 220.00, '2024-02-18 13:00:00', 'Purchase', 'Merchant25', 'Completed'),
(50, 170.00, '2024-02-19 14:00:00', 'Deposit', 'Bank15', 'Completed');


CREATE TABLE FraudAlerts (
    alert_id INT PRIMARY KEY AUTO_INCREMENT,
    transaction_id INT,
    user_id INT,
    alert_date TIMESTAMP DEFAULT CURRENT_TIMESTAMP,
    alert_type VARCHAR(255) NOT NULL,
    alert_status VARCHAR(50),
    FOREIGN KEY (transaction_id) REFERENCES Transactions(transaction_id),
    FOREIGN KEY (user_id) REFERENCES Users(user_id)
);

-----------------------------------------------------------------

INSERT INTO FraudAlerts (transaction_id, user_id, alert_type, alert_status) VALUES
(1, 1, 'Suspicious Transaction', 'Pending'),
(2, 2, 'High Amount Transaction', 'Resolved'),
(3, 3, 'Multiple Failed Attempts', 'Investigating'),
(4, 4, 'Foreign Transaction', 'Pending'),
(5, 5, 'Unusual Activity', 'Resolved'),
(6, 6, 'Suspicious Transaction', 'Pending'),
(7, 7, 'High Amount Transaction', 'Resolved'),
(8, 8, 'Multiple Failed Attempts', 'Investigating'),
(9, 9, 'Foreign Transaction', 'Pending'),
(10, 10, 'Unusual Activity', 'Resolved'),
(11, 11, 'Suspicious Transaction', 'Pending'),
(12, 12, 'High Amount Transaction', 'Resolved'),
(13, 13, 'Multiple Failed Attempts', 'Investigating'),
(14, 14, 'Foreign Transaction', 'Pending'),
(15, 15, 'Unusual Activity', 'Resolved'),
(16, 16, 'Suspicious Transaction', 'Pending'),
(17, 17, 'High Amount Transaction', 'Resolved'),
(18, 18, 'Multiple Failed Attempts', 'Investigating'),
(19, 19, 'Foreign Transaction', 'Pending'),
(20, 20, 'Unusual Activity', 'Resolved'),
(21, 21, 'Suspicious Transaction', 'Pending'),
(22, 22, 'High Amount Transaction', 'Resolved'),
(23, 23, 'Multiple Failed Attempts', 'Investigating'),
(24, 24, 'Foreign Transaction', 'Pending'),
(25, 25, 'Unusual Activity', 'Resolved'),
(26, 26, 'Suspicious Transaction', 'Pending'),
(27, 27, 'High Amount Transaction', 'Resolved'),
(28, 28, 'Multiple Failed Attempts', 'Investigating'),
(29, 29, 'Foreign Transaction', 'Pending'),
(30, 30, 'Unusual Activity', 'Resolved'),
(31, 31, 'Suspicious Transaction', 'Pending'),
(32, 32, 'High Amount Transaction', 'Resolved'),
(33, 33, 'Multiple Failed Attempts', 'Investigating'),
(34, 34, 'Foreign Transaction', 'Pending'),
(35, 35, 'Unusual Activity', 'Resolved'),
(36, 36, 'Suspicious Transaction', 'Pending'),
(37, 37, 'High Amount Transaction', 'Resolved'),
(38, 38, 'Multiple Failed Attempts', 'Investigating'),
(39, 39, 'Foreign Transaction', 'Pending'),
(40, 40, 'Unusual Activity', 'Resolved'),
(41, 41, 'Suspicious Transaction', 'Pending'),
(42, 42, 'High Amount Transaction', 'Resolved'),
(43, 43, 'Multiple Failed Attempts', 'Investigating'),
(44, 44, 'Foreign Transaction', 'Pending'),
(45, 45, 'Unusual Activity', 'Resolved'),
(46, 46, 'Suspicious Transaction', 'Pending'),
(47, 47, 'High Amount Transaction', 'Resolved'),
(48, 48, 'Multiple Failed Attempts', 'Investigating'),
(49, 49, 'Foreign Transaction', 'Pending'),
(50, 50, 'Unusual Activity', 'Resolved');

CREATE TABLE TransactionLogs (
    log_id INT PRIMARY KEY AUTO_INCREMENT,
    transaction_id INT,
    log_date TIMESTAMP DEFAULT CURRENT_TIMESTAMP,
    log_type VARCHAR(50) NOT NULL,
    log_details TEXT,
    FOREIGN KEY (transaction_id) REFERENCES Transactions(transaction_id)
);

--------------------------------------------------------------

INSERT INTO TransactionLogs (transaction_id, log_date, log_type, log_details) VALUES
(1, '2024-01-01 10:05:00', 'Info', 'Transaction processed successfully'),
(2, '2024-01-02 11:05:00', 'Info', 'Transaction processed successfully'),
(3, '2024-01-03 12:05:00', 'Info', 'Transaction processed successfully'),
(4, '2024-01-04 13:05:00', 'Info', 'Transaction processed successfully'),
(5, '2024-01-05 14:05:00', 'Info', 'Transaction processed successfully'),
(6, '2024-01-06 15:05:00', 'Info', 'Transaction processed successfully'),
(7, '2024-01-07 16:05:00', 'Info', 'Transaction processed successfully'),
(8, '2024-01-08 17:05:00', 'Info', 'Transaction processed successfully'),
(9, '2024-01-09 18:05:00', 'Info', 'Transaction processed successfully'),
(10, '2024-01-10 19:05:00', 'Info', 'Transaction processed successfully'),
(11, '2024-01-11 20:05:00', 'Info', 'Transaction processed successfully'),
(12, '2024-01-12 21:05:00', 'Info', 'Transaction processed successfully'),
(13, '2024-01-13 22:05:00', 'Info', 'Transaction processed successfully'),
(14, '2024-01-14 23:05:00', 'Info', 'Transaction processed successfully'),
(15, '2024-01-15 09:05:00', 'Info', 'Transaction processed successfully'),
(16, '2024-01-16 10:05:00', 'Info', 'Transaction processed successfully'),
(17, '2024-01-17 11:05:00', 'Info', 'Transaction processed successfully'),
(18, '2024-01-18 12:05:00', 'Info', 'Transaction processed successfully'),
(19, '2024-01-19 13:05:00', 'Info', 'Transaction processed successfully'),
(20, '2024-01-20 14:05:00', 'Info', 'Transaction processed successfully'),
(21, '2024-01-21 15:05:00', 'Info', 'Transaction processed successfully'),
(22, '2024-01-22 16:05:00', 'Info', 'Transaction processed successfully'),
(23, '2024-01-23 17:05:00', 'Info', 'Transaction processed successfully'),
(24, '2024-01-24 18:05:00', 'Info', 'Transaction processed successfully'),
(25, '2024-01-25 19:05:00', 'Info', 'Transaction processed successfully'),
(26, '2024-01-26 20:05:00', 'Info', 'Transaction processed successfully'),
(27, '2024-01-27 21:05:00', 'Info', 'Transaction processed successfully'),
(28, '2024-01-28 22:05:00', 'Info', 'Transaction processed successfully'),
(29, '2024-01-29 23:05:00', 'Info', 'Transaction processed successfully'),
(30, '2024-01-30 09:05:00', 'Info', 'Transaction processed successfully'),
(31, '2024-01-31 10:05:00', 'Info', 'Transaction processed successfully'),
(32, '2024-02-01 11:05:00', 'Info', 'Transaction processed successfully'),
(33, '2024-02-02 12:05:00', 'Info', 'Transaction processed successfully'),
(34, '2024-02-03 13:05:00', 'Info', 'Transaction processed successfully'),
(35, '2024-02-04 14:05:00', 'Info', 'Transaction processed successfully'),
(36, '2024-02-05 15:05:00', 'Info', 'Transaction processed successfully'),
(37, '2024-02-06 16:05:00', 'Info', 'Transaction processed successfully'),
(38, '2024-02-07 17:05:00', 'Info', 'Transaction processed successfully'),
(39, '2024-02-08 18:05:00', 'Info', 'Transaction processed successfully'),
(40, '2024-02-09 19:05:00', 'Info', 'Transaction processed successfully'),
(41, '2024-02-10 20:05:00', 'Info', 'Transaction processed successfully'),
(42, '2024-02-11 21:05:00', 'Info', 'Transaction processed successfully'),
(43, '2024-02-12 22:05:00', 'Info', 'Transaction processed successfully'),
(44, '2024-02-13 23:05:00', 'Info', 'Transaction processed successfully'),
(45, '2024-02-14 09:05:00', 'Info', 'Transaction processed successfully'),
(46, '2024-02-15 10:05:00', 'Info', 'Transaction processed successfully'),
(47, '2024-02-16 11:05:00', 'Info', 'Transaction processed successfully'),
(48, '2024-02-17 12:05:00', 'Info', 'Transaction processed successfully'),
(49, '2024-02-18 13:05:00', 'Info', 'Transaction processed successfully'),
(50, '2024-02-19 14:05:00', 'Info', 'Transaction processed successfully');
